<?xml version="1.0" encoding="UTF-8"?>
    <addon id="repository.pandoras" name="Pandoras Box Repo" version="1.1.3" provider-name="Pansolo">
        <requires>
            <import addon="xbmc.addon" version="12.0.0"/>
        </requires>
        <extension point="xbmc.addon.repository" name="Pandoras Box Repo">
            <info compressed="false">https://raw.github.com/pansbox/PandorasBoxRepo/master_repo/addons.xml</info>
            <checksum>https://raw.github.com/pansbox/PandorasBoxRepo/master_repo/addons.xml.md5</checksum>
            <datadir zip="true">https://raw.github.com/pansbox/PandorasBoxRepo/master_repo/</datadir>
            <hashes>false</hashes>
        </extension>
        <extension point="xbmc.addon.metadata">
            <summary>An Addon for all</summary>
            <description>Origin Builds Repo</description>
            <platform>all</platform>
    </extension>
</addon>